0;Некрасов Тихон Бориславович;usilin@yahoo.com;9
1;Фома Теймуразович Колобов;larionovaevfrosinija@ip.edu;20
2;Назаров Эрнест Тихонович;polikarp41@agafonova.biz;8
3;Клавдия Богдановна Котова;fedosifedorov@ooo.net;20
4;Анна Леоновна Уварова;martin_09@yahoo.com;18
5;Петр Давыдович Лихачев;pahom86@gmail.com;10
6;Логинов Михаил Бориславович;shubinvladimir@gmail.com;2
7;Копылова Марина Михайловна;beljakovandron@hotmail.com;19
8;Смирнова Нонна Семеновна;ippolitmaksimov@oao.info;5
9;Модест Аксёнович Новиков;karhipova@rao.org;1
10;Гаврила Валентинович Титов;baranovdemid@npo.com;11
11;Клавдия Вячеславовна Селиверстова;uvarovselivan@hotmail.com;13
12;Семенова Ксения Романовна;jakushevkim@oao.ru;4
13;Ситников Иларион Абрамович;nosovfeoktist@zao.org;19
14;Сысоева Ия Богдановна;ratmir_2008@yahoo.com;5
15;Петров Архип Дорофеевич;avksenti_69@rambler.ru;18
16;Харитонова Мария Петровна;ruslan_2009@yahoo.com;16
17;Зайцева Александра Геннадьевна;karpovgedeon@rao.info;20
18;Виноградов Светозар Валерианович;cfedorova@oao.edu;6
19;София Рубеновна Волкова;zhuravlevaninel@rambler.ru;11
20;г-жа Фролова Таисия Сергеевна;arhip_66@rambler.ru;5
21;Давыдов Лонгин Бориславович;fadeevakira@ooo.biz;20
22;Бронислав Адамович Юдин;noskovfedor@rao.info;9
23;Григорьев Артемий Владиславович;radislav74@rambler.ru;14
24;Ульяна Феликсовна Герасимова;antonina1973@gmail.com;8
25;Фёкла Болеславовна Филатова;filatovaljubov@yandex.ru;12
26;Валерия Робертовна Панова;chernovaalina@sistemni.net;3
27;Акулина Георгиевна Логинова;nikodim_27@gmail.com;7
28;Молчанов Леон Ерофеевич;aksenovaemilija@yandex.ru;2
29;Шестаков Эрнст Борисович;tretjakovazari@oao.biz;5
30;Полякова Татьяна Георгиевна;sitnikovamaja@oao.org;20
31;Ширяев Лучезар Александрович;savva_1989@oao.com;2
32;Агап Иосифович Назаров;vlas_1998@rambler.ru;8
33;Шашков Юлиан Всеволодович;rodionovemil@nezavisimaja.edu;11
34;Полина Борисовна Одинцова;czimin@rambler.ru;17
35;Афиноген Богданович Жуков;artem21@kudrjavtseva.net;15
36;Тихонова Феврония Ниловна;vissarion32@ooo.biz;2
37;Азарий Якубович Симонов;rostislavkirillov@panfilova.edu;19
38;Сафонова Наина Сергеевна;fominkarl@yandex.ru;6
39;Осипова София Натановна;vasilevdavid@yandex.ru;20
40;Александр Демидович Савельев;valentin13@mail.ru;13
41;Белова Анастасия Юрьевна;bazhen_23@zao.biz;3
42;Вишнякова Ксения Кузьминична;kbespalova@rambler.ru;9
43;Лукия Ефимовна Николаева;evlampi38@ao.ru;20
44;Субботина Нинель Архиповна;ruslanzaharov@npo.com;8
45;Куприян Алексеевич Козлов;pavelsavelev@gmail.com;5
46;Панфилова Ульяна Максимовна;zaharovevgraf@rambler.ru;1
47;Ия Васильевна Прохорова;tverdislav2012@yandex.ru;5
48;Лукина Элеонора Федоровна;svetozar1978@ooo.ru;2
49;Гусев Сила Аксёнович;kondrat_22@lukina.org;11
50;Орехов Савва Харитонович;artem_96@oao.com;3
51;Ефимов Анатолий Харламович;filippkomarov@yandex.ru;13
52;Чеслав Филатович Ефимов;fmiheev@rambler.ru;6
53;Пестова Жанна Петровна;kovalevjan@ao.net;15
54;Богданов Авксентий Давидович;kolobovajulija@zao.ru;17
55;Дементьев Эммануил Артурович;roman_49@mail.ru;8
56;Иван Афанасьевич Рябов;stanislavseliverstov@yahoo.com;5
57;Коновалов Ефим Ефимьевич;evpraksija1999@yahoo.com;7
58;Порфирий Виленович Гордеев;tgorbachev@mail.ru;8
59;Агафон Ефремович Блинов;aksenovafanasi@belov.ru;5
60;Флорентин Эдгарович Родионов;konstantinovaevpraksija@ip.ru;7
61;Некрасов Александр Даниилович;saveli1992@yandex.ru;4
62;Борисов Мирон Жанович;mstislav_35@yahoo.com;3
63;Роман Дмитриевич Беляков;leonti2016@faberlik.com;19
64;Амвросий Юлианович Нестеров;ksenija1990@ooo.biz;4
65;Гедеон Измаилович Копылов;ustin_2002@ip.org;19
66;Титова Таисия Леоновна;faina20@rao.net;18
67;Галина Алексеевна Данилова;nazarovjakov@zao.ru;12
68;Соловьев Анисим Георгиевич;tarasovhristofor@yandex.ru;5
69;Аскольд Юльевич Меркушев;feofan_03@gmail.com;7
70;Надежда Робертовна Корнилова;agap_46@silina.biz;1
71;Фролова Агафья Анатольевна;kabanovafinogen@oao.com;8
72;Лазарь Ефимович Гуляев;elizar_1995@ao.net;1
73;Григорьев Феофан Изотович;novikovlukjan@ao.edu;2
74;Емельянова Иванна Михайловна;kudrjavtsevaanna@ooo.org;6
75;Ковалев Наркис Ильич;anikitakudrjashov@ooo.biz;16
76;тов. Лебедева Жанна Владиславовна;lidija_2019@gmail.com;6
77;Савелий Валерьянович Федотов;anike15@rostelekom.info;20
78;Олимпий Борисович Овчинников;iosif1976@rao.biz;3
79;Хохлов Егор Валерьянович;sofron_73@npo.net;14
80;Алина Федоровна Дмитриева;tit_1998@ip.edu;7
81;Самойлов Викторин Марсович;nikanor2016@yandex.ru;19
82;Раиса Наумовна Тихонова;tsvetkovevstigne@ip.ru;20
83;Светлана Даниловна Ефимова;npavlov@yandex.ru;14
84;Пахомов Вадим Георгиевич;oksana2007@yandex.ru;1
85;Евпраксия Владимировна Юдина;vatslav_39@korporatsija.ru;16
86;Севастьян Владленович Алексеев;irakli1978@npo.net;14
87;Зиновьев Аверкий Устинович;bnikiforova@gmail.com;8
88;Карпова Таисия Кузьминична;matveevdmitri@ooo.info;9
89;Радован Артёмович Устинов;prokofi_2003@oao.biz;13
90;Наина Евгеньевна Гуляева;marfa1973@rambler.ru;11
91;Велимир Георгиевич Макаров;kolobovfilipp@yandex.ru;5
92;Алла Захаровна Шашкова;vlasovavarvara@arhipova.com;12
93;Голубев Милован Эдуардович;marian_92@gmail.com;11
94;Олимпиада Леоновна Хохлова;vbespalov@npo.info;19
95;Майя Александровна Пахомова;juvenalidrozdov@oao.org;16
96;Миронова Эмилия Федоровна;arefi1975@npo.com;4
97;Мартынова Пелагея Матвеевна;inoskova@rao.com;10
98;Фаина Наумовна Федосеева;strelkovnatan@r-farm.edu;2
99;Гуляев Митофан Валерианович;zinovi_2005prohorov.org;18
100;Евгения Владиславовна Сафонова;anatoli73@rambler.ru;2
101;Виктория Афанасьевна Хохлова;anani_1998@ip.edu;10
102;Лукия Афанасьевна Кудрявцева;noskovafaina@rambler.ru;14
103;Кириллова Екатерина Геннадьевна;germanvishnjakov@ip.com;5
104;Евфросиния Георгиевна Селиверстова;frolovermil@ip.biz;15
105;Аскольд Игоревич Тимофеев;anisim2007@egorov.net;19
106;Киселева Ирина Львовна;boris_1983@zao.info;2
107;Клавдия Юльевна Самойлова;vladislav1974@yandex.ru;13
108;Орест Валерьевич Устинов;gorde_82@ooo.org;3
109;Зиновий Эдгардович Соловьев;sazonovkliment@mail.ru;17
110;Мухин Дмитрий Арсеньевич;ksobolev@npo.com;3
111;Михеев Ферапонт Гордеевич;fevronija1988@oao.org;14
112;Жданов Нестор Ермилович;sila1975@npo.net;7
113;Маслова Глафира Дмитриевна;vsemilkrjukov@rambler.ru;14
114;Милица Степановна Миронова;gushchinemmanuil@filippov.biz;19
115;Василиса Кирилловна Потапова;hariton_1977@nizhfarm.com;14
116;Ладислав Юлианович Михайлов;kondratevmartin@mail.ru;3
117;Людмила Кузьминична Титова;kapitonagafonov@zao.net;6
118;Егоров Гордей Евсеевич;evgraf67@zuev.biz;20
119;Артемьев Нестор Артемьевич;artemdjachkov@yahoo.com;8
120;Волкова Валерия Эльдаровна;kalashnikovvenedikt@kompanija.org;19
121;Лариса Артемовна Белоусова;sharovazari@yandex.ru;9
122;Ермил Аксёнович Шестаков;timofe1973@yandex.ru;12
123;Любовь Богдановна Дмитриева;denisovaanzhela@yahoo.com;17
124;Клавдия Владиславовна Евдокимова;msemenova@oao.com;17
125;Твердислав Глебович Морозов;krjukovavksenti@mail.ru;8
126;Варвара Владиславовна Воробьева;leontiilin@rambler.ru;15
127;Данилова Виктория Эдуардовна;ernst79@yandex.ru;4
128;Симон Ермилович Соловьев;sobolevmilan@yahoo.com;19
129;Валерия Яковлевна Сидорова;panfilovaregina@rambler.ru;11
130;Лариса Святославовна Колесникова;seliverstovstojan@hotmail.com;18
131;Евфросиния Леонидовна Ситникова;larionovdorofe@mail.ru;17
132;Ангелина Харитоновна Шашкова;mstislavfilatov@hotmail.com;1
133;Фока Чеславович Куликов;polikarppetrov@ao.ru;13
134;Нестерова Нонна Артемовна;judinalekse@mail.ru;13
135;Моисеева Варвара Ждановна;avdeevaevgenija@ip.biz;12
136;Сергеева Валерия Архиповна;lavr_1995@rambler.ru;17
137;Сильвестр Демидович Русаков;zhdanovamilitsa@yandex.ru;18
138;Клавдия Мироновна Фомичева;petr68@rambler.ru;14
139;Егорова Регина Вениаминовна;fomichevfilaret@ao.info;5
140;Каллистрат Арсенович Павлов;igor_2005@oao.edu;8
141;Лучезар Валентинович Рябов;savelevvikenti@gmail.com;8
142;Фаина Григорьевна Казакова;mihe28@abi.org;17
143;Никита Егорович Гордеев;kotovfeofan@rambler.ru;12
144;Рыбаков Амвросий Ильясович;anisim_1972@hotmail.com;8
145;Громова Алина Алексеевна;narkisgorbachev@hotmail.com;16
146;Мефодий Валерьевич Баранов;erofe59@mail.ru;19
147;Трифон Борисович Шашков;veniamin19@rao.biz;1
148;Марина Юльевна Дорофеева;gerasimovizmail@zao.net;1
149;г-жа Ефимова Олимпиада Романовна;lfilippov@yandex.ru;13
150;Савва Владленович Лазарев;grishinignati@russkaja.edu;8
151;Громова Ираида Филипповна;egor_71@ip.com;19
152;Анисим Бориславович Воробьев;kononovmartjan@hotmail.com;14
153;Агап Устинович Соколов;bronislavnekrasov@ip.com;9
154;Третьяков Нестор Григорьевич;ovchinnikovaoktjabrina@yahoo.com;17
155;Лобанова Фёкла Ефимовна;gusevfilimon@ooo.edu;11
156;Сократ Валерианович Абрамов;mihailsuhanov@zao.com;6
157;Волкова Маргарита Наумовна;sitnikovaevdokija@yandex.ru;1
158;Хохлова Марфа Аскольдовна;vsevolod_1976@russki.org;1
159;Анжелика Макаровна Шилова;ermakovaanzhela@ip.info;10
160;Таисия Яковлевна Калинина;emilija85@mail.ru;5
161;Николаев Спиридон Марсович;prohorovprokofi@hotmail.com;3
162;Пантелеймон Авдеевич Якушев;elizar05@hotmail.com;15
163;Крюков Мирослав Богданович;hristofor_1995@yandex.ru;9
164;Клавдия Сергеевна Фокина;juli_00@gmail.com;4
165;Никодим Тихонович Жуков;sergeevzinovi@gk.org;6
166;Алексеева Зинаида Ниловна;vorontsovaveronika@rao.biz;11
167;Маргарита Альбертовна Дроздова;trifon1999@gmail.com;7
168;Людмила Оскаровна Сергеева;avgustmuhin@bragina.info;18
169;Екатерина Николаевна Ларионова;tretjakovluchezar@hotmail.com;7
170;Святополк Феликсович Лебедев;vselezneva@hotmail.com;7
171;Маргарита Валериевна Рябова;kirkalinin@rao.biz;8
172;Георгий Владиславович Степанов;afedoseev@hotmail.com;17
173;Тит Аверьянович Власов;sofija1991@rao.net;17
174;Рогова Евфросиния Константиновна;zaharovazhanna@gmail.com;2
175;Майя Викторовна Пономарева;evgeniemeljanov@gmail.com;10
176;Костин Игнатий Анисимович;matve37@hotmail.com;20
177;Горшков Изяслав Эдуардович;zhanna1994@ooo.info;3
178;Станимир Витальевич Быков;jsilin@kamski.info;16
179;Носкова Эмилия Романовна;pantelemon_50@rambler.ru;6
180;Сократ Елизарович Прохоров;kotovippolit@ooo.ru;18
181;Блохин Ипат Давыдович;ljudmila04@yandex.ru;16
182;Федоров Адам Харитонович;silinvadim@ooo.ru;2
183;Логинова Евдокия Матвеевна;ivanovdorofe@npo.net;8
184;Денисов Болеслав Арсеньевич;pahom28@mail.ru;19
185;Волкова Таисия Юрьевна;fedoseevprokofi@ip.net;3
186;Мартынов Зосима Васильевич;anatolizuev@rao.edu;10
187;Якушев Анатолий Богданович;krilovluchezar@fosagro.com;10
188;Наумов Владлен Владиленович;kbirjukova@yahoo.com;3
189;Акулина Ильинична Волкова;trifonvorobev@sk.biz;19
190;Анисимова Вера Эдуардовна;ipatisafonov@yahoo.com;18
191;Носов Вячеслав Чеславович;kondrat_00@ao.net;18
192;Маргарита Игоревна Мясникова;lapinauljana@samolova.edu;19
193;Нестеров Юлий Ермолаевич;gleb30@ip.net;6
194;Одинцов Вышеслав Иосипович;dorofeevorest@yandex.ru;18
195;Кононова Анжела Матвеевна;osipovvarfolome@mail.ru;10
196;Давыдов Викторин Арсеньевич;voronovaklavdija@gmail.com;18
197;Олимпиада Ивановна Гришина;fade1987@hotmail.com;8
198;Болеслав Ильич Семенов;veselovakim@hotmail.com;4
199;Святополк Иларионович Пестов;prov1990@ip.org;9
200;Измаил Яковлевич Морозов;seliverstovevstafi@ip.biz;3
201;Лапина Пелагея Харитоновна;tvorimir_2015@yahoo.com;1
202;Елена Архиповна Шашкова;artem1972@rao.net;5
203;Пелагея Васильевна Никонова;german_2001@sibur.biz;15
204;Ирина Юльевна Костина;valentin1974@ip.ru;5
205;Алина Валериевна Авдеева;tblohin@rambler.ru;6
206;Алла Игоревна Трофимова;pbragina@yahoo.com;18
207;Куликов Аникита Демидович;ilja27@npo.com;12
208;Хохлов Ювеналий Адрианович;fekla59@mail.ru;10
209;Ульяна Васильевна Гуляева;milovankazakov@blohin.biz;13
210;Логинова Феврония Романовна;marina_49@ao.com;10
211;Касьян Гертрудович Веселов;arhipovaekaterina@ooo.com;14
212;Иванов Потап Германович;viktornikitin@rambler.ru;9
213;Эмилия Матвеевна Авдеева;apollinari1984@gmail.com;13
214;Афанасий Васильевич Селезнев;mokefedoseev@rao.biz;13
215;Кулагина Фёкла Ниловна;dkonovalov@ptk.biz;13
216;г-жа Васильева Элеонора Ниловна;ozhuravleva@rambler.ru;12
217;Белозерова Глафира Захаровна;belousovtaras@gorshkov.org;1
218;Савватий Брониславович Петров;dorofe33@npo.org;11
219;Любомир Антонович Аксенов;veronika_30@qiwi.com;19
220;Елисеев Леонтий Давидович;ybogdanov@hotmail.com;3
221;Модест Адрианович Селезнев;kirillovafinogen@zao.biz;1
222;Петрова Майя Олеговна;simonovevgeni@burov.net;13
223;Третьяков Всемил Владиславович;vseslav_23@yahoo.com;9
224;Дмитриев Мстислав Владиславович;solovevanaina@gmail.com;20
225;Тарасов Афиноген Абрамович;platon2006@yahoo.com;7
226;Яковлева Светлана Эдуардовна;demidaleksandrov@rambler.ru;7
227;Фомин Боян Аверьянович;filipp_74@gmail.com;12
228;Иванова Милица Семеновна;popoveduard@mail.ru;9
229;Зосима Тихонович Пестов;gostomisl_1991@asr-uglesbit.org;2
230;Петрова Любовь Вениаминовна;alevtina14@ooo.edu;17
231;Анисим Глебович Русаков;agata58@hotmail.com;2
232;Трофимов Виссарион Бориславович;shubingostomisl@loginova.edu;11
233;София Максимовна Чернова;bolshakovgremislav@gmail.com;5
234;Руслан Ермолаевич Лобанов;ilja2006@hotmail.com;5
235;Кира Ивановна Григорьева;djachkovmstislav@rambler.ru;18
236;Алевтина Кузьминична Шарова;ljubov_2019@rao.biz;15
237;Эмилия Мироновна Яковлева;bobrovtrifon@oao.org;3
238;Жданов Эрнст Александрович;kazimirmaksimov@yahoo.com;1
239;Исаев Кирилл Фадеевич;klavdi_2015@yahoo.com;5
240;Антонина Васильевна Лыткина;gorshkovartem@gmail.com;2
241;Семенов Елизар Зиновьевич;bazhen_2007@ip.biz;20
242;Василиса Николаевна Селиверстова;shirjaevluchezar@rao.net;2
243;Кирилл Димитриевич Миронов;xuvarova@hotmail.com;4
244;Владимирова Фёкла Наумовна;suvorovgalaktion@fomichev.com;4
245;Ефим Антипович Чернов;averkifedotov@ip.com;13
246;Бурова Вера Романовна;esorokin@birjukova.biz;6
247;тов. Ефремов Адам Ильясович;zahar39@rambler.ru;15
248;Абрамов Сильвестр Захарьевич;uljan_84@ip.biz;9
249;Марина Вячеславовна Меркушева;ernst1971@mail.ru;11
250;Якуб Ермилович Мамонтов;anike_42@yahoo.com;19
251;Селезнева Пелагея Тимуровна;bobrovkirill@hotmail.com;13
252;Светозар Елисеевич Громов;bikovbogdan@ao.net;16
253;Евпраксия Леонидовна Шубина;ilja_74@gmail.com;11
254;Алевтина Григорьевна Гаврилова;foka55@ooo.net;6
255;Тетерина Юлия Ивановна;sila1980@yahoo.com;20
256;Давыдов Станимир Артёмович;fomashilov@golubev.info;2
257;Леонид Егорович Морозов;jakovlevamarfa@td.com;11
258;Кудрявцева Валерия Богдановна;kononovippolit@npo.com;14
259;Борисова Лукия Максимовна;konstantinovgeorgi@zao.ru;4
260;Иванова Агата Аскольдовна;varvara1989@hotmail.com;17
261;Прохоров Парамон Георгиевич;avde95@gmail.com;18
262;Маслов Бажен Федотович;vladimirovagge@mail.ru;4
263;Белов Милован Ааронович;savvati82@hotmail.com;2
264;Нинель Петровна Белоусова;smaksimov@soboleva.edu;7
265;Наталья Петровна Щербакова;iosif_1991@gmail.com;7
266;Жанна Юльевна Савельева;bespalovinnokenti@aptechnaja.net;15
267;Марков Денис Феодосьевич;valerjan75@rambler.ru;17
268;Януарий Филиппович Никифоров;artemi38@hotmail.com;13
269;Мельникова Феврония Викторовна;agapvladimirov@gmail.com;1
270;Вероника Геннадиевна Новикова;kondrat02@ooo.ru;17
271;Пров Бориславович Котов;safonovnikita@ao.biz;6
272;Антонов Рюрик Игнатович;poljakovavalerija@sibuglemet.ru;14
273;Туров Любомир Тимурович;rusakovaangelina@ooo.ru;19
274;Нина Степановна Кириллова;harlampi2006@gmail.com;18
275;Алексеев Феликс Игнатьевич;boris_53@rambler.ru;13
276;Денисова Татьяна Дмитриевна;lidija63@ptk.ru;17
277;Голубева Вера Геннадьевна;olga_1993@zao.ru;19
278;Синклитикия Викторовна Мартынова;pvoronov@ao.biz;17
279;Тетерина Глафира Григорьевна;seliverstovamvrosi@yahoo.com;2
280;Елисеева Алина Тарасовна;poljakovgavrila@rao.biz;14
281;Полина Федоровна Миронова;nifont_1978@ao.info;11
282;г-жа Виноградова Виктория Ефимовна;kozlovaolimpiada@yahoo.com;18
283;Иванна Борисовна Юдина;osip21@npo.info;10
284;Калашников Юлиан Феоктистович;tit84@oao.com;16
285;Трофимов Борислав Ильич;lfedotov@ao.biz;10
286;Измаил Демидович Калашников;apollon34@yandex.ru;18
287;Евпраксия Никифоровна Трофимова;gushchinjaroslav@psk.biz;2
288;Шилова Марфа Борисовна;emolchanov@zao.ru;6
289;Игнатова Маргарита Степановна;firs59@zao.info;10
290;Полина Аскольдовна Крылова;anani62@zao.info;17
291;Осипова Анжела Леоновна;blinovmitofan@yandex.ru;3
292;Елена Станиславовна Селиверстова;shirjaevfilaret@yandex.ru;5
293;Владилен Филатович Елисеев;kondrat2011@oao.info;10
294;Яковлев Владлен Эдгарович;rusakovatatjana@yandex.ru;12
295;Шаров Галактион Харлампьевич;nosovaraisa@teva.info;2
296;Самсонов Родион Яковлевич;lazar1984@kupishuz.ru;13
297;Емельянова Татьяна Филипповна;maslovpanfil@ip.info;13
298;Иванна Кузьминична Лукина;rkuznetsov@yahoo.com;5
299;Акулина Григорьевна Одинцова;suhanovlongin@ip.net;19
300;Варвара Наумовна Горбунова;nikifor54@ooo.biz;18
301;Муравьева Анжела Владиславовна;nikitinaoksana@rao.net;7
302;Быкова Елизавета Тимуровна;eliseevafevronija@gmail.com;12
303;Дроздов Афанасий Ефимьевич;oktjabrina11@yandex.ru;9
304;Майя Кузьминична Попова;afinogen_91@zao.biz;2
305;Милица Ильинична Турова;sigizmund1973@ao.biz;11
306;Титов Лука Авдеевич;tamara86@rambler.ru;2
307;Котова Эмилия Макаровна;uvarovaanzhelika@mail.ru;13
308;Стрелков Аполлинарий Еремеевич;david1997@hotmail.com;5
309;Блинов Демьян Эдуардович;demidribakov@rambler.ru;1
310;Большакова Глафира Оскаровна;turovmarian@yahoo.com;2
311;Сорокин Любосмысл Ааронович;galina_68@ip.org;13
312;Анжелика Сергеевна Филиппова;zuevasinklitikija@tatenergo.org;18
313;Сергеева Феврония Ильинична;leonartemev@zao.edu;18
314;г-жа Власова Лукия Евгеньевна;evseevkir@yahoo.com;15
315;Суханов Лазарь Артёмович;sidor08@yahoo.com;1
316;Федосий Федосеевич Никонов;margarita_83@mail.ru;13
317;Ульяна Олеговна Потапова;nina_1973@mail.ru;5
318;Пимен Виленович Гуляев;stepan14@rambler.ru;18
319;Елена Константиновна Самойлова;gleb_41@gmail.com;12
320;Баранов Евстигней Егорович;gostomisl_2019@kurganmashzavod.biz;1
321;Ольга Анатольевна Шарова;shcherbakovlukjan@yahoo.com;15
322;г-н Дорофеев Алексей Захарьевич;kulaginlavrenti@yahoo.com;18
323;Ипатий Августович Сергеев;mihekuzmin@oao.ru;9
324;Копылова Олимпиада Егоровна;boris1994@rao.info;16
325;Петухов Иван Феофанович;sofonnosov@gmail.com;2
326;Фомичева Тамара Леоновна;uljana32@rao.org;18
327;Стрелкова Элеонора Анатольевна;zinovi1985@hotmail.com;4
328;Аркадий Жоресович Рогов;cheslavgusev@gmail.com;19
329;Горбачев Ипат Артурович;oagafonov@npo.org;7
330;Жанна Натановна Титова;ponomarevaemilija@rao.ru;11
331;Иванна Олеговна Козлова;sazonovippolit@robert.biz;15
332;Мартьян Феодосьевич Ситников;matve_1996@hotmail.com;7
333;Богданов Творимир Жоресович;kuznetsovaljubov@ooo.ru;16
334;Дьячков Велимир Всеволодович;suvorovaregina@ip.info;16
335;Лора Сергеевна Костина;zinovi_1997@ao.edu;10
336;Дорофеева Ирина Павловна;izot1991@zao.edu;2
337;Кириллов Гаврила Эдуардович;savelevpimen@ooo.net;3
338;Аникита Ефстафьевич Никонов;milovan2014@ip.biz;18
339;Андрон Феофанович Буров;zhukovsila@mail.ru;1
340;Рябова Тамара Рудольфовна;ponomarevnikita@mail.ru;14
341;Ираида Харитоновна Стрелкова;kondrati1970@yandex.ru;11
342;Авдеев Прокофий Брониславович;nikifor_40@yahoo.com;13
343;Гущина Клавдия Николаевна;nosovsvjatoslav@gmail.com;19
344;Вишнякова Октябрина Кузьминична;anatolikoshelev@konstantinova.org;6
345;Блинов Пахом Игоревич;visheslav1974@yahoo.com;6
346;Муравьев Сильвестр Васильевич;muhinaelena@oao.info;14
347;Поликарп Эдгарович Галкин;panfilovmiron@yahoo.com;10
348;Лукина Светлана Робертовна;potapovfedosi@mail.ru;15
349;Владимирова Ксения Геннадьевна;favdeeva@gmail.com;19
350;Воронов Любим Артёмович;marfa_1984@yandex.ru;9
351;Давыдов Панкрат Аксёнович;evgeni04@hotmail.com;11
352;Любомир Харитонович Рябов;bikovfilimon@rambler.ru;4
353;Романов Арсений Богданович;osipovataisija@zao.net;5
354;Филатова Ольга Петровна;svetlana1975@rambler.ru;8
355;Азарий Григорьевич Михеев;evlampi_1987@zao.ru;2
356;Павлов Рубен Дорофеевич;marian1978@pskovvtormet.edu;16
357;Софон Игоревич Костин;petuhovnikola@gmail.com;2
358;Некрасова Нина Кирилловна;zahar_54@artis-agro.info;4
359;Ермаков Алексей Артёмович;lev1989@gmail.com;4
360;Нонна Робертовна Андреева;efremovvladimir@mail.ru;20
361;Громов Клавдий Григорьевич;evse1980@rambler.ru;3
362;Богдан Тихонович Савельев;tverdislav48@rambler.ru;3
363;Кириллов Спиридон Фадеевич;burovivan@mail.ru;5
364;Нинель Даниловна Евсеева;stepan49@rao.net;20
365;Корнилов Фома Даниилович;lapinipat@ooo.info;3
366;Виноградов Велимир Тихонович;kondratevaoksana@zao.org;12
367;Ситников Харитон Гурьевич;evlampiprohorov@petropavlovsk.ru;13
368;Веселов Бронислав Феофанович;fominermil@mail.ru;2
369;Назаров Никандр Владленович;romanovirakli@rambler.ru;10
370;Нестеров Филипп Фомич;vasilevustin@zao.edu;4
371;Белоусов Ираклий Гурьевич;lavrtsvetkov@rambler.ru;19
372;Ершов Любомир Андреевич;fadeevmechislav@gmail.com;10
373;Маргарита Богдановна Миронова;mamontovbudimir@yandex.ru;14
374;Ангелина Архиповна Михеева;anisimteterin@rambler.ru;16
375;Ангелина Юрьевна Евдокимова;fomichevgostomisl@zao.net;11
376;Ферапонт Артёмович Комиссаров;omuraveva@ao.com;10
377;Вышеслав Гертрудович Ермаков;amos_73@mail.ru;3
378;Симонов Ираклий Антипович;evstafi_2003@rambler.ru;2
379;Гордеева Юлия Тимуровна;sofon_29@yandex.ru;4
380;Анжелика Ниловна Копылова;angelina_48@ooo.info;5
381;Бурова Надежда Архиповна;hstrelkova@ip.com;1
382;Ситникова Агата Александровна;parfen_2003@yahoo.com;8
383;Нонна Рубеновна Веселова;saveli_96@gmail.com;15
384;Боброва Олимпиада Эльдаровна;simonovamos@blohin.com;2
385;Федот Григорьевич Силин;kazimir1983@hotmail.com;12
386;Алина Оскаровна Тимофеева;silinamilitsa@zao.com;15
387;Агафонов Нестор Григорьевич;gordeevizjaslav@hotmail.com;16
388;Павел Юльевич Беляев;igor_1987@ooo.net;2
389;Анисимова Милица Мироновна;kostinauljana@rao.com;9
390;Бобылева Глафира Леоновна;faina_1992@gmail.com;17
391;Чернова Синклитикия Николаевна;karpovaevpraksija@ip.com;1
392;Мина Димитриевич Калинин;kondratevavksenti@martinova.org;5
393;Ия Кирилловна Русакова;trofimovaalla@mail.ru;12
394;Екатерина Семеновна Богданова;kulakovpolikarp@zao.edu;10
395;Меркушева Евгения Святославовна;trofim_72@ao.ru;7
396;Лаврентьева Октябрина Антоновна;porfiri1987@rambler.ru;20
397;Радим Феоктистович Калашников;valerjan_60@hotmail.com;9
398;Татьяна Викторовна Матвеева;rselezneva@ao.org;3
399;Киселев Терентий Гертрудович;tihon84@dementeva.com;1
